COUNTRY_PLAYER_ID	COUNTRY_ID	PLAYER_ID	USER_ID
1	2	1	sich
2	2	2	TT1123
3	2	3	tom928
4	2	4	kmcnb
5	2	5	master
6	2	6	SSAglow
7	2	7	ort
8	2	8	ha9999
9	2	9	penpen66
10	2	10	mofu777
11	2	11	foru
12	2	12	feehilynet
13	2	13	Owl
14	2	14	nono
15	2	15	doruid0123
16	5	17	soatok
17	2	16	sasurai77
18	5	18	san
19	2	19	nukamiso
20	5	5	master
21	2	20	amanojyaku
22	5	21	fumi198
23	2	22	jagariko25
24	5	23	haruno14
25	2	24	tiro366
26	5	25	hisagi
27	2	26	sajimaK
28	5	27	nana7
29	2	28	mishima
30	5	29	mill
31	2	30	picco
32	5	31	taym7130
33	2	32	Torte
34	5	33	inoltuku
35	2	34	bwabwa
36	5	35	ponta10482
37	2	36	MoonGazer
38	5	37	ことら
39	5	38	黄金旅程
40	5	39	BB
41	5	40	qui
42	5	41	DaiC
43	5	42	kiryu_Astolfo
44	5	43	小夜啼鳥
45	5	44	rabbit
46	5	45	くるくる
47	5	46	bon
48	5	47	myeong
49	5	48	逆凪
50	5	49	Invasion
51	5	50	marukome
52	5	51	kira77
53	5	52	るふ
54	5	53	りちゃそ
55	5	54	Lalacia
56	5	55	ruui
57	5	56	てんぷら
58	5	57	Frog25
59	5	58	sekisei
60	5	59	wadachi8891
61	5	60	wjkct977
62	5	61	okome_0p0
63	5	62	mikey
64	5	63	T20mugi
65	2	64	pirates
66	2	65	eekk
67	2	66	ranisuta
68	2	67	Charon
69	2	68	kdyy124
70	2	69	mika_k
71	2	70	northlight
72	2	71	donia
73	2	72	gauze
74	2	73	haiiro_color
75	2	74	ctake316
76	2	75	juhntitor
77	2	76	udon
78	2	77	Post
79	2	78	ginniRo
80	5	79	琥珀
81	5	80	パペット
82	5	81	minato
83	5	82	ginji
84	5	83	vio
85	5	84	ミューたん
86	5	85	korina
87	5	86	sdu
88	5	87	コハク
89	5	88	めぇ子
90	5	89	100perWanko
91	5	90	永川白菜
92	5	91	x16g022
93	5	92	syuga1010
94	5	93	5no
95	5	94	aira0124
96	5	95	しお
97	5	96	がたこ
98	5	97	rinne26
99	5	98	akihi
100	5	99	muku59refrain
101	5	100	MIEL
102	5	101	zassyoku801
103	5	102	kizashi
104	5	103	mimoza
105	5	104	ayame33
106	5	105	志龍
107	5	106	bellbell
108	5	107	R0ss0est
109	2	108	ajico
110	2	109	cassis
111	2	110	risa7para
112	2	111	Ka-mu
113	2	112	pochi_wanco
114	2	113	kiriko
115	2	114	gunzeee
116	2	115	kkrj
117	2	116	inumitai
118	2	117	millig
119	2	118	konpeitou
120	2	119	loki1958
121	5	120	hiropirei
122	5	121	tani62
123	5	122	たっきー
124	5	123	bluesail
125	5	124	PStime
126	5	125	NINA6762
127	5	126	kikka029
128	5	127	NoC
129	5	128	ごるち
130	5	129	しぐれ
131	5	130	Yamadacolle
132	2	131	puyomaru
133	2	132	potatitti
134	2	133	okashi0
135	2	134	sa85324
136	2	135	jojoii
137	2	136	punipuni_wlf
138	2	137	ooyari
139	2	138	yuito
140	5	139	kyowa
141	5	140	okisin
142	5	141	LuneC
143	5	142	kororo
144	5	143	londonhouse
145	5	144	presto
146	5	145	maka
147	5	146	cileil
148	5	147	Li_e
149	5	148	apfelrote
150	5	149	なみ
151	5	150	Kroy
152	5	151	yuika
153	5	152	shio
154	5	153	return
155	5	154	tachibana
156	5	155	cluel_clame
157	5	15	doruid0123
158	5	156	tsukiusa
159	2	157	musyoku-d
160	2	158	uraran
161	2	159	yumemi
162	2	160	kioshinoku
163	5	161	湖
164	5	162	yukipess
165	5	163	akahige
166	5	164	seaza
167	5	165	Polaris
168	5	166	立川
169	5	167	orca
170	5	168	hoshinami629
171	5	169	ねこさん
172	5	170	chieri
173	5	171	regarding
174	5	158	uraran
175	5	172	kuromen
176	5	173	baystan
177	5	174	蕎麦屋
178	5	175	umashio
179	5	176	rozegria
180	5	177	renya
181	5	178	sraira
182	5	179	ikapo
183	5	180	cherry_b
184	5	181	fakeru30
185	5	182	sumirenohana
186	5	183	花より肉
187	5	184	mintia
188	5	185	natuka
189	5	186	Qualia
190	5	187	NNN
191	5	188	noesis
192	5	189	mmdppo
193	5	190	ch14
194	5	191	torasuke
195	5	192	suzume
196	5	193	yuki
197	5	194	烏
198	5	195	S-Y-F
199	5	196	黒胡椒
200	5	197	Etoile
201	5	198	turareruri
202	2	199	asunoyozora
203	2	200	lunch
204	2	201	vanish_death
205	5	202	metheclipse
206	5	203	qootarara
207	5	204	コマドリ
208	5	205	anemone.b
209	5	206	くらげ
210	5	207	ringooishii
211	5	208	waku
212	5	209	kuniko
213	5	210	Tokiwa
214	5	211	ぽこまる
215	5	212	mikazuchi
216	5	213	sryk615
217	5	214	mukai
218	5	215	autoroguard
219	5	216	aither
220	5	217	tetos_k
221	5	218	Xceon
222	5	219	alightsnowfall
223	5	220	tsunahan
224	2	221	kokimaro
225	2	222	zxcv
226	2	223	aoiro
227	2	224	tetra
228	2	225	chero_sea
229	2	226	swallows
230	5	227	Nemophila
231	5	228	cienoir
232	5	229	hikaru
233	5	230	ankokumen
234	5	231	山吹
235	5	232	金蓮花
236	5	233	utylove
237	5	234	341
238	5	235	icometo
239	5	236	fitrs9
240	5	237	凛
241	5	238	mohumowa
242	5	239	makara14
243	5	240	aoill
244	5	241	コミヤ
245	2	242	kawanah
246	2	243	buchicat
247	2	244	auger
248	2	245	terratakk
249	2	246	Nero
250	5	247	7starocean
251	5	248	milkxxxx
252	5	249	Dodgson
253	5	250	meitu
254	5	251	chome17
255	5	252	四季
256	5	253	rein-joir
257	2	254	orzOTZorz
258	2	255	misty_rain
259	2	256	shena
260	2	257	oem
261	2	258	ganger
262	2	259	hapi2hapi
263	5	260	nakanan
264	5	261	aquall
265	5	262	キナコ
266	5	263	Kawolf
267	5	135	jojoii
268	5	264	貴船
269	5	265	padom
270	5	266	73u
271	5	267	yukiyukiyuki
272	5	268	MUGEN
273	5	269	2gishiki
274	5	270	canbeer123
275	5	271	774
276	5	272	Yuma_K
277	5	273	Yaichi from Nanzi
278	5	274	bnn
279	5	275	Nicole
280	5	276	super.athqj
281	5	277	anzu_kin_
282	5	278	usa_jinro
283	5	279	Ichicala
284	5	280	yukkie
285	2	281	rion
286	2	164	seaza
287	2	282	momo2
288	2	283	ayers
289	2	284	nakamuraamen
290	2	285	FAKE_TIME
291	2	286	contrail
292	2	287	huns_tera
293	2	288	sugisan
294	5	289	kintoto
295	5	290	NikkaTanbura
296	5	291	nanahirosi
297	5	292	鬼灯
298	5	293	black-tea
299	5	110	risa7para
300	5	117	millig
301	5	201	vanish_death
302	5	294	MAKIDAI_P
303	5	295	gin
304	5	296	archaso
305	5	297	Yahhoo
306	5	298	sai-fami
307	5	299	ttd
308	2	300	sakura3939
309	2	301	lg21
310	2	302	danehito
311	2	303	ayumidesu
312	2	304	brownsugar
313	2	305	onistarou
314	2	306	GOD
315	2	307	tansindo
316	2	308	to_star
317	2	309	juve
318	2	310	ackanon
319	2	311	racoon
320	2	312	tsrabbit
321	2	313	hitaki1101
322	2	314	jiro103
323	2	315	michuba
324	2	316	rubin
325	2	317	yomoyu33
326	2	318	kotopi
327	2	319	kukky
328	2	320	bordersign
329	2	321	kaya
330	2	322	dinor
331	2	323	milkytaste
332	2	324	amania
333	2	325	ssun
334	2	326	morokoshi
335	2	327	oogama
336	2	328	mosm235
337	2	329	larme
338	2	330	high-low
339	2	331	gain3
340	2	332	mudman
341	2	47	myeong
342	2	333	mikura
343	2	334	Oarsman
344	2	335	shirokuro
345	2	336	kkkooo1
346	2	337	jun_84
347	2	338	iguni
348	2	339	ofton
349	2	340	hisagi76
350	2	341	T_K_
351	2	342	crimson
352	2	343	kurukuru0027
353	2	344	afinter
354	2	345	srn4324
355	2	346	sunamori
356	2	347	Sakanagi
357	2	348	peacenuts
358	2	349	hideob
359	2	350	hallu
360	2	351	nao-nao
361	2	352	kamiyama3
362	2	353	HIRO_P
363	2	354	neophyte
364	2	355	kazato002
365	2	356	notwolf
366	2	357	mich
367	2	358	dadada30
368	2	359	senasuke
369	2	360	nothing
370	2	361	Deux
371	2	362	maxx2016
372	2	363	sacura
373	2	364	newtype
374	2	365	bakemono
375	2	366	bigears4juv
376	2	367	soboro
377	2	368	Gallade
378	2	369	mop0201
379	2	370	moakken
380	2	371	mikari49
381	2	372	rabbit36
382	2	373	satouyuuya
383	2	374	minimini
384	2	375	ayumid
385	2	376	monja
386	2	377	his
387	2	378	kagami
388	2	379	ruka2
389	2	380	syenanan
390	2	381	syoberu
391	2	382	ito_san
392	2	383	goodriceball
393	2	384	Mieze
394	2	385	primu
395	2	386	kinoko4645
396	2	387	kaorin
397	2	388	itosugi
398	2	389	YUKI_N
399	2	390	syena
400	2	391	akashia
401	2	392	krseg2wgtnr
402	2	393	moimoi2nd
403	2	394	gran
404	2	395	tmk
405	2	396	maco3
406	2	397	chinochan
407	2	398	DADADA
408	2	279	ichicala
409	2	399	Lobo
410	2	400	monowasure
411	2	401	kuroma
412	2	402	isa67
413	2	403	618st
414	2	404	otta
415	2	405	morino
416	2	406	helium
417	2	407	furioso
418	2	408	kiteretu
419	2	409	htj
420	2	410	benten
421	2	411	so129
422	2	412	momiji
423	2	413	nekonoude
424	2	414	djik7shu
425	2	415	Sinonome1023
426	2	416	nekoyanagi
427	2	417	toluku
428	2	418	tara
429	2	419	aochan
430	2	420	tevasaki
431	2	421	onigiriGirl
432	2	422	Re9
433	2	423	kokomyks
434	2	424	nameko
435	2	425	custard
436	2	426	tecchan
437	2	427	snowdrop
438	2	428	hatune
439	2	429	stacey_q
440	2	430	flux7put
441	2	431	babycar2016
442	2	432	mochi8
443	2	433	kujira33
444	2	434	seer
445	2	435	6rockB
446	2	436	trago
447	2	437	astemLemz
448	2	438	kajunya
449	2	439	pond71
450	2	440	anciel
451	2	441	ruri
452	2	442	kanashi
453	2	443	shoshinsha
454	2	444	nuot
455	2	445	banbii
456	2	446	xeno
457	2	447	cariomio
458	2	448	dem
459	2	449	remy
460	2	450	tikuzenni
461	2	451	prototype
462	2	452	tora
463	2	453	angelique
464	2	454	tvcat
465	2	455	zeke21
466	2	456	wtbbs
467	2	457	lia
468	2	458	tsubosan0123
469	2	459	swankuma
470	2	460	ookawa4
471	2	461	agota
472	2	462	purincipal
473	2	463	imoyu
474	2	464	case
475	2	465	texture
476	2	466	lihiter
477	2	207	ringooishii
478	2	467	Albert
479	2	468	rensenrenpai
480	2	469	uengk
481	2	470	chartreuse
482	2	471	pakutty
483	2	472	potohu
484	2	473	powan
485	2	474	kurukururi
486	2	475	lime
487	2	476	miruten622
488	2	477	leeks
489	2	478	makosai
490	2	479	charo
491	2	480	Maya
492	2	481	Last
493	2	482	Azuki100
494	2	483	kupfernickel
495	2	484	rurushi20
496	2	485	wM1873
497	2	486	pino
498	2	487	zoo
499	2	488	sango
500	2	489	gucchhhj
501	2	490	sssabiii
502	2	491	hna8523
503	2	492	gilbeys40
504	2	493	molecule
505	2	494	fong
506	2	495	shoe
507	2	496	wwwwwww
508	2	497	enigma-d7
509	2	498	sekigahara
510	2	499	maze
511	2	500	shodo_4
512	2	501	miruka
513	2	502	zousi
514	2	503	ten
515	2	504	mofudog
516	2	505	Liam12345
517	2	506	naoki_ng08
518	2	507	Sou
519	2	508	noa
520	2	509	hakodate
521	2	510	nekokomori
522	2	511	Annnnnyyi
523	2	512	chiiko
524	2	513	HELLO
525	2	514	kuku99
526	2	515	osakanaza
527	2	516	doreme
528	2	517	catspot
529	2	518	kazu1203
530	2	519	rei1412
531	2	520	furoito
532	2	521	SakanaTarou
533	2	522	takenokonoko
534	2	523	hidehide
535	2	524	ayaane_bo
536	2	525	kumapan1582
537	2	526	PoriUretan
538	2	527	ayaka1227
539	2	528	cosmedecorte
540	2	529	kiri1700
541	2	530	ryahoshi
542	2	531	ryomal
543	2	532	balloonDog
544	2	533	rinrin
545	2	534	prmg
546	2	535	tomonnke
547	2	536	umi_s
548	2	537	saki
549	2	538	suchan08
550	2	539	mina
551	2	540	cynthia
552	2	541	gallalla
553	2	542	ririko
554	2	543	koki0210
555	2	544	ymkw
556	2	545	gyut
557	2	546	Kuma0809
558	2	547	dohteki
559	2	548	saccki
560	2	549	omuraisu
561	2	550	aoihito
562	2	551	snowtofu
563	2	552	kuzuinuA
564	2	553	nbaws
565	2	554	hirock2012
566	2	555	uruse55
567	2	556	xena96
568	2	557	pan
569	2	558	oni
570	2	559	mashimaro
571	2	560	melo
572	2	561	zaggie
573	2	562	ulii
574	2	563	pespa
575	2	564	Shinrai
576	2	565	sweetish
577	2	566	COLETTE
578	2	567	zakoza
579	2	568	t_modoki
580	2	569	-jk
581	2	570	karaage
582	2	571	sunsun
583	2	572	178mc
584	2	573	bungaraya
585	2	574	raffaello
586	2	575	doradora
587	2	576	vvvvvvv
588	2	577	suzuri
589	2	578	harutyontyan
590	2	579	arthur0615
591	2	580	kayondmc
592	2	581	to-ko
593	2	582	CyanWiz
594	2	583	somo100
595	2	584	nameless
596	2	585	gustave13
597	2	586	task1180
598	2	587	abcdefgmart
599	2	588	al_aqxa
600	2	589	torino
601	2	590	ks5738tsg
602	2	591	riddle514
603	2	592	okatachi
604	2	593	NiflheimeR
605	2	594	Simon_Blanc
606	2	595	114002
607	2	596	tohka
608	2	597	yuyu23
609	2	598	gemuwoban
610	2	599	Penguin
611	2	600	mrinsugar
612	2	601	HinaGeshi
613	2	602	kumohati
614	2	603	shibranSK
615	2	604	valencia
616	2	605	kool
617	2	606	hiyuki
618	2	607	Nia
619	2	608	jay426
620	2	609	neneco
621	2	610	nekodog
622	2	611	shikao
623	2	612	mago_mago
624	2	613	guards
625	2	614	luftsan
626	2	615	ry122277
627	2	616	Helios
628	2	617	root-911
629	2	618	yuaya
630	2	619	airis
631	2	620	estchan
632	2	621	dnsm
633	2	622	6161
634	2	623	YukiPon-Nabe
635	2	624	K-tora
636	2	625	company
637	2	626	inaro
638	2	627	ryu
639	2	628	obaron
640	2	629	Hiira__blue
641	2	630	omoide2018
642	2	631	Ace
643	2	216	aither
644	2	632	kamipura
645	2	633	xxxmoonxxx
646	2	263	Kawolf
647	2	634	mihi
648	2	635	kiinegi
649	2	636	rioloprabbit
650	2	637	nyanyase
651	2	638	rinfa
652	2	639	nya_mura
653	2	640	Lake
654	2	641	gransel
655	2	642	Kyle
656	2	643	indigo_aik
657	2	644	reve
658	2	645	yosakuman
659	2	646	hayate518
660	2	647	spica8827
661	2	648	sour
662	2	649	moka1213
663	2	650	radical
664	2	651	tabunnhima
665	2	652	diesel
666	2	653	hageatama
667	2	654	uekawa
668	2	655	machi
669	2	656	leaf-garden
670	2	657	sabsuta
671	2	658	kuruibito
672	2	659	thylakoid
673	2	660	Gun
674	2	661	mhr39
675	2	662	karen_kira
676	2	663	akagi
677	2	664	myonmyon
678	2	60	wjkct977
679	2	665	kk1
680	2	666	marumorom
681	2	667	terius
682	2	668	asshimizu
683	2	669	TakkeyUK
684	2	670	sharpup
685	2	671	kahararika
686	2	672	Oppenheimer
687	2	673	gokiburi
688	2	674	mkt9324
689	2	675	kirisuto
690	2	676	rokka
691	2	677	yakitori
692	2	678	toraneko
693	2	679	tansio
694	2	680	i3487
695	2	681	mira
696	2	682	yunoka
697	2	683	Hobbi
698	2	684	Qlockcat
699	2	685	kakurais
700	2	686	-Dilettante-
701	2	687	spelunker
702	2	688	bethrin
703	2	689	suzumaru
704	2	690	jagtmd0111
705	2	691	primavera
706	2	692	pupuko
707	2	693	kimiai
708	2	694	avenger1222
709	2	695	kikiki
710	2	696	tiptapto
711	2	697	nakaba
712	2	272	Yuma_K
713	2	698	panapp
714	2	699	COM
715	2	700	fffeee121
716	2	701	Sorairokaede
717	2	702	lhybrid
718	2	703	8810
719	2	704	syobon5819
720	2	705	biobio
721	2	706	Hina
722	2	707	naomomo
723	2	708	Uganda33
724	2	709	beatliche
725	2	710	Harumaki
726	2	711	DoboshiEarth
727	2	712	chocoball
728	2	713	tarosuke
729	2	714	mosoho
730	2	715	operara
731	2	716	xlneolx
732	2	717	washo
733	2	718	nepia2
734	2	719	lark
735	2	720	Mcburney
736	2	721	lenge
737	2	722	ferias044331
738	2	723	reisi125
739	2	724	nullpoint
740	2	725	asagjri
741	2	726	torohiko
742	2	727	windfall
743	2	728	mymomoto
744	2	729	tugawakou
745	2	730	renrz
746	2	731	totori
747	2	732	yukari
748	2	733	LOLO
749	2	734	shinta
750	2	735	siki_magamo
751	2	736	tsumika
752	2	737	Ron
753	2	738	snes
754	2	739	tiktikmon
755	2	740	soro0013648
756	2	741	zwzwzw
757	2	742	biatra
758	2	743	tata
759	2	744	lana
760	2	745	mmkk
761	2	746	kowcow001
762	2	747	SaltApple
763	2	748	perter
764	2	749	bluebee
765	2	750	brandpanic
766	2	751	porio
767	2	752	Obaco
768	2	753	BABYLONEX
769	2	754	agehatefu
770	2	755	kiyoshy
771	2	756	odonoview
772	2	757	Sakasad
773	2	758	takenohito
774	2	759	Cino
775	2	760	kazune7
776	2	761	seabreamx2
777	2	762	dreamcat
778	2	763	conflict
779	2	764	zidane
780	2	765	bokepunch
781	2	766	nina
782	2	767	Neco
783	2	768	al100
784	2	769	tanakiki
785	2	770	stara
786	2	771	benzene
787	2	772	iii
788	2	773	honorin
789	2	774	lid1223
790	2	775	nanikanoegg
791	2	776	peporolin
792	2	777	einsel
793	2	778	coco
794	2	779	kanatake
795	2	780	nekomiya
796	2	781	Player
797	2	782	blanca
798	2	783	spoon
799	2	784	augustus
800	2	785	kiku869
801	2	786	otake
802	2	787	kiki-lala
803	2	788	Akasakisuko
804	2	789	ky3
805	2	790	ZKHK
806	2	791	fcdandelion
807	2	792	alone
808	2	793	namiki
809	2	794	haruyuki1995
810	2	795	botuo
811	2	796	simozawa12
812	2	797	sc021304
813	2	798	m5bo
814	2	799	nyujin
815	2	800	2cherry
816	2	801	Shion
817	2	802	konbu
818	2	803	guttyann
819	2	61	okome_0p0
820	2	804	robita
821	2	156	tsukiusa
822	2	805	NAK
823	2	806	senaka0423
824	2	807	ssssa
825	2	808	ipei
826	2	809	doubleHN
827	2	810	whiteookami
828	2	811	paco
829	2	812	usasapanchi
830	2	813	TypeC
831	2	814	ShiroNeko
832	2	815	yuugao
833	2	816	alull
834	2	817	toras
835	2	818	tapioka2002
836	2	819	kuunel
837	2	820	Lanna
838	2	821	ryle
839	2	822	aaiiuu
840	2	823	kinako
841	2	824	plionvoe
842	2	825	rikblue1
843	2	826	herbstwind
844	2	827	yuripe
845	2	828	leams
846	2	829	animamundi
847	2	830	moyu
848	2	831	toro
849	2	832	nss
850	2	833	rutall
851	2	834	kille
852	2	835	himawarin5
853	2	836	---
854	2	837	pipipippi
855	2	838	silvia
856	2	839	siranui1564
857	2	840	yk821221
858	2	841	mahiru0716
859	2	842	aoki
860	2	843	Colasour
861	2	844	snowwhite
862	2	845	syeny
863	2	846	f012
864	2	847	moke
865	2	848	omanta
866	2	233	utylove
867	2	849	Milki
868	2	850	lcp
869	2	851	perokichi
870	2	852	fukurou0922
871	2	853	benisyouga
872	2	854	lucky666
873	2	855	momonga
874	2	856	Tnkc
875	2	857	lll
876	2	858	ahohohoho
877	2	859	qzqzmch
878	2	860	-o-
879	2	861	taiki
880	2	862	dorakira
881	2	863	mashy5
882	2	864	makumin
883	2	865	ktako
884	2	866	lance
885	2	867	phantom
886	2	868	AM_369
887	2	869	minatosn
888	2	870	caligula
889	2	871	honya
890	2	872	royce
891	2	873	clown
892	2	874	colloid
893	2	875	sayaendoo
894	2	876	Latte
895	2	877	Salmonberry
896	2	878	vienca
897	2	879	ShuRa
898	2	880	uririn1224
899	2	881	yumezi
900	2	882	ari
901	2	883	cielo
902	2	884	nemunoki00
903	2	885	TEMPEST
904	2	886	Mizushi
905	2	887	tobacco
906	2	888	caras
907	2	889	seal
908	2	890	yamanbow
909	2	891	aqu
910	2	892	wlid
911	2	893	dara
912	2	894	dokuringo
913	2	895	recent
914	2	896	rigel
915	2	897	yukirin
916	2	898	hei83
917	2	899	mametaso
918	2	900	seiya425
919	2	901	piyonista
920	2	902	denshu
921	2	903	karasu29
922	2	904	nobuwo
923	2	905	sensay
924	2	906	yabo1208
925	2	907	Iziz
926	2	908	Null
927	2	909	nereid502
928	2	910	christianity
929	2	911	incompat1
930	2	912	penpens
931	2	913	sugar
932	2	914	wol
933	2	915	lumiere
934	2	916	K-346
935	2	917	yomiyomi
936	2	918	Elermy
937	2	919	anderson
938	2	920	igrs_67
939	2	921	uhi
940	2	922	o00o90
941	2	923	azuresea
942	2	924	TanaxPame
943	2	925	Leina2059
944	2	926	zenipata
945	2	927	Urushi77
946	2	928	Gatya
947	2	929	risosu
948	2	930	lol
949	2	931	Akercock
950	2	932	sadlva
951	2	933	airis0610
952	2	934	yukiringo
953	2	935	chuya
954	2	936	Kanaeneko
955	2	937	y0m0
956	2	938	RayRay
957	2	939	yukimikleo
958	2	940	freddy
959	2	941	ourself
960	2	170	chieri
961	2	942	shomcat
962	2	943	linkinp
963	2	944	citrine
964	2	945	kokekko
965	2	946	Con
966	2	947	jakefellu
967	2	948	et8
968	2	949	ricobon
969	2	950	yamap
970	2	951	cutenekokami
971	2	952	LaLaLiLi
972	2	953	valk
973	2	954	Kurumon
974	2	955	sirube15
975	2	956	sususu
976	2	957	Laemmle
977	2	958	COMETAN
978	2	959	ashleef
979	2	960	RTA2
980	2	961	tukumo99
981	2	962	yuudachi
982	2	963	holykiss
983	2	964	griffin
984	2	965	kc_1218128
985	2	966	meikyoku
986	2	967	she-her-her
987	2	968	maitosan
988	2	969	limlia
989	2	970	hanamizuki
990	2	971	monagram01
991	2	972	a-z
992	2	973	nack99
993	2	974	pacorabanne
994	2	975	samsa
995	2	976	weno
996	2	977	_jpt_
997	2	978	kazunya
998	2	979	1raimu1
999	2	980	k5fsora
1000	2	981	hananokeiji
1001	2	982	haragro
1002	2	983	monnie
1003	2	984	fubirai19
1004	2	985	orange104
1005	2	986	kazuya
1006	2	987	utatsubaki
1007	2	988	haraguro_inu
1008	2	989	yuum0713
1009	2	990	Cirno
1010	2	991	watereal
1011	2	992	hqluchy
1012	2	993	mmoto
1013	2	994	m__tan
1014	2	995	ariariran
1015	2	996	yuzutya
1016	2	997	mios
1017	2	998	sucky
1018	2	999	mitune
1019	2	1000	zushi0905
1020	2	1001	myamoto
1021	2	1002	hayamin
1022	2	1003	Moyox
1023	2	1004	TM1
1024	2	1005	c3por2d2
1025	2	1006	Arnim
1026	2	1007	yag
1027	2	1008	misiro
1028	2	1009	shu
1029	2	1010	nunuo
1030	2	1011	urakko
1031	2	1012	hero30second
1032	2	1013	akayume
1033	2	1014	ruriko
1034	2	1015	CoAma
1035	2	1016	tatsuom
1036	2	1017	satoimo
1037	2	1018	shiromochi
1038	2	1019	hiropon
1039	2	1020	kei33
1040	2	1021	Lin
1041	2	1022	gogotea
1042	2	1023	rinriko
1043	2	1024	GENKI
1044	2	1025	TSO
1045	2	240	aoill
1046	2	1026	vz44
1047	2	1027	yek
1048	2	1028	saki_gs
1049	2	1029	Halcyon666
1050	2	1030	top41
1051	2	1031	8madan
1052	2	1032	kandara
1053	2	1033	artcraft
1054	2	1034	kuromuwabi
1055	2	1035	rakusu
1056	2	1036	painXi
1057	2	1037	5milli
1058	2	1038	som_metty
1059	2	1039	aknprpr
1060	2	1040	india
1061	2	1041	sui
1062	2	1042	fugusuke
1063	2	1043	storm
1064	2	1044	Mikann3017
1065	2	1045	rifeiren
1066	2	1046	motimoti
1067	2	1047	wktz4887
1068	2	1048	kumakiti
1069	2	1049	hoodian
1070	2	1050	murasaki8286
1071	2	1051	Cinnamon
1072	2	162	yukipess
1073	2	1052	IDFT
1074	2	1053	kokimaru
1075	2	1054	flash
1076	2	1055	ojisandayo1
1077	2	1056	asbel
1078	2	1057	tanishi
1079	2	1058	hanna
1080	2	1059	dorothy
1081	2	1060	yurei123456